"HITId","HITTypeId","Title","Description","Keywords","Reward","CreationTime","MaxAssignments","RequesterAnnotation","AssignmentDurationInSeconds","AutoApprovalDelayInSeconds","Expiration","NumberOfSimilarHITs","LifetimeInSeconds","AssignmentId","WorkerId","AssignmentStatus","AcceptTime","SubmitTime","AutoApprovalTime","ApprovalTime","RejectionTime","RequesterFeedback","WorkTimeInSeconds","LifetimeApprovalRate","Last30DaysApprovalRate","Last7DaysApprovalRate","Answer.beer_4-8-6-5_4.on","Answer.beer_4-8-6-5_5.on","Answer.beer_4-8-6-5_6.on","Answer.beer_4-8-6-5_8.on","Answer.date_1-3-2-7_1.on","Answer.date_1-3-2-7_2.on","Answer.date_1-3-2-7_3.on","Answer.date_1-3-2-7_7.on","Answer.lead_4-8-6-5_4.on","Answer.lead_4-8-6-5_5.on","Answer.lead_4-8-6-5_6.on","Answer.lead_4-8-6-5_8.on","Answer.manager_1-3-2-7_1.on","Answer.manager_1-3-2-7_2.on","Answer.manager_1-3-2-7_3.on","Answer.manager_1-3-2-7_7.on","Approve","Reject"
"38RHULDV9YT298I3DK4GAQQ6CXJIWH","38LKVYAVXKZCADE6DLVQEIG7SU1JQL","Answer a survey about your opinions about an appearance","Give us your opinion about a face","survey, face, image, opinion, fast, quick, easy","$0.05","Sun Sep 01 18:58:50 PDT 2019","100","BatchId:3753862;OriginalHitTemplateId:928390912;","120","86400","Sun Sep 08 18:58:50 PDT 2019","","","308XBLVESJIP1OL5YI7UPOA11DLRBF","A2XSQSDLHAE2ZA","Approved","Sun Sep 01 18:59:46 PDT 2019","Sun Sep 01 19:01:08 PDT 2019","Mon Sep 02 19:01:08 PDT 2019","Mon Sep 02 15:06:37 PDT 2019","","","82","100% (1/1)","100% (1/1)","100% (1/1)","false","false","false","true","false","true","false","false","false","false","true","false","false","true","false","false"
"38RHULDV9YT298I3DK4GAQQ6CXJIWH","38LKVYAVXKZCADE6DLVQEIG7SU1JQL","Answer a survey about your opinions about an appearance","Give us your opinion about a face","survey, face, image, opinion, fast, quick, easy","$0.05","Sun Sep 01 18:58:50 PDT 2019","100","BatchId:3753862;OriginalHitTemplateId:928390912;","120","86400","Sun Sep 08 18:58:50 PDT 2019","","","30H4UDGLT3W0829NCFTEY9LGCU1MP7","A1G4DA61N4XPLL","Approved","Sun Sep 01 19:03:55 PDT 2019","Sun Sep 01 19:04:24 PDT 2019","Mon Sep 02 19:04:24 PDT 2019","Mon Sep 02 15:06:37 PDT 2019","","","29","100% (1/1)","100% (1/1)","100% (1/1)","true","false","false","false","false","false","true","false","true","false","false","false","false","true","false","false"
"38RHULDV9YT298I3DK4GAQQ6CXJIWH","38LKVYAVXKZCADE6DLVQEIG7SU1JQL","Answer a survey about your opinions about an appearance","Give us your opinion about a face","survey, face, image, opinion, fast, quick, easy","$0.05","Sun Sep 01 18:58:50 PDT 2019","100","BatchId:3753862;OriginalHitTemplateId:928390912;","120","86400","Sun Sep 08 18:58:50 PDT 2019","","","30OG32W0SVP2TT5XF2S3HCBC3DEENJ","A1RSAU5I9NZTOP","Approved","Sun Sep 01 19:16:32 PDT 2019","Sun Sep 01 19:18:18 PDT 2019","Mon Sep 02 19:18:18 PDT 2019","Mon Sep 02 15:06:37 PDT 2019","","","106","100% (1/1)","100% (1/1)","100% (1/1)","false","false","false","true","false","false","true","false","true","false","false","false","false","false","true","false"
"38RHULDV9YT298I3DK4GAQQ6CXJIWH","38LKVYAVXKZCADE6DLVQEIG7SU1JQL","Answer a survey about your opinions about an appearance","Give us your opinion about a face","survey, face, image, opinion, fast, quick, easy","$0.05","Sun Sep 01 18:58:50 PDT 2019","100","BatchId:3753862;OriginalHitTemplateId:928390912;","120","86400","Sun Sep 08 18:58:50 PDT 2019","","","30X31N5D644WJTGQ7T73KNVR5XLAST","A1OZN075MPLC9V","Approved","Sun Sep 01 19:06:39 PDT 2019","Sun Sep 01 19:08:26 PDT 2019","Mon Sep 02 19:08:26 PDT 2019","Mon Sep 02 15:06:37 PDT 2019","","","107","100% (1/1)","100% (1/1)","100% (1/1)","false","false","true","false","false","false","false","true","true","false","false","false","false","true","false","false"
"38RHULDV9YT298I3DK4GAQQ6CXJIWH","38LKVYAVXKZCADE6DLVQEIG7SU1JQL","Answer a survey about your opinions about an appearance","Give us your opinion about a face","survey, face, image, opinion, fast, quick, easy","$0.05","Sun Sep 01 18:58:50 PDT 2019","100","BatchId:3753862;OriginalHitTemplateId:928390912;","120","86400","Sun Sep 08 18:58:50 PDT 2019","","","30ZX6P7VF99EFN2W7K5AM4L6XQJJ2I","A2MK7JYJLKWSIH","Approved","Sun Sep 01 19:11:49 PDT 2019","Sun Sep 01 19:12:40 PDT 2019","Mon Sep 02 19:12:40 PDT 2019","Mon Sep 02 15:06:37 PDT 2019","","","51","100% (1/1)","100% (1/1)","100% (1/1)","true","false","false","false","false","true","false","false","false","false","true","false","false","false","true","false"
"38RHULDV9YT298I3DK4GAQQ6CXJIWH","38LKVYAVXKZCADE6DLVQEIG7SU1JQL","Answer a survey about your opinions about an appearance","Give us your opinion about a face","survey, face, image, opinion, fast, quick, easy","$0.05","Sun Sep 01 18:58:50 PDT 2019","100","BatchId:3753862;OriginalHitTemplateId:928390912;","120","86400","Sun Sep 08 18:58:50 PDT 2019","","","31LVTDXBL8O1EX7HPVWO3R66D7ZRL2","A23V41MRF31FE0","Approved","Sun Sep 01 19:01:38 PDT 2019","Sun Sep 01 19:02:22 PDT 2019","Mon Sep 02 19:02:22 PDT 2019","Mon Sep 02 15:06:37 PDT 2019","","","44","100% (1/1)","100% (1/1)","100% (1/1)","false","false","false","true","false","true","false","false","false","false","false","true","false","true","false","false"
"38RHULDV9YT298I3DK4GAQQ6CXJIWH","38LKVYAVXKZCADE6DLVQEIG7SU1JQL","Answer a survey about your opinions about an appearance","Give us your opinion about a face","survey, face, image, opinion, fast, quick, easy","$0.05","Sun Sep 01 18:58:50 PDT 2019","100","BatchId:3753862;OriginalHitTemplateId:928390912;","120","86400","Sun Sep 08 18:58:50 PDT 2019","","","31QTRG6Q2UR02JY1VIHPS48NL4KYPE","A36P9RIJNZBVQD","Approved","Sun Sep 01 19:19:08 PDT 2019","Sun Sep 01 19:20:16 PDT 2019","Mon Sep 02 19:20:16 PDT 2019","Mon Sep 02 15:06:38 PDT 2019","","","68","100% (1/1)","100% (1/1)","100% (1/1)","true","false","false","false","false","true","false","false","true","false","false","false","false","true","false","false"
"38RHULDV9YT298I3DK4GAQQ6CXJIWH","38LKVYAVXKZCADE6DLVQEIG7SU1JQL","Answer a survey about your opinions about an appearance","Give us your opinion about a face","survey, face, image, opinion, fast, quick, easy","$0.05","Sun Sep 01 18:58:50 PDT 2019","100","BatchId:3753862;OriginalHitTemplateId:928390912;","120","86400","Sun Sep 08 18:58:50 PDT 2019","","","324G5B4FB4MEZIYGROCZ0QNI9XW70C","A2HHSS15OIDP46","Approved","Sun Sep 01 19:06:14 PDT 2019","Sun Sep 01 19:06:53 PDT 2019","Mon Sep 02 19:06:53 PDT 2019","Mon Sep 02 15:06:38 PDT 2019","","","39","100% (1/1)","100% (1/1)","100% (1/1)","true","false","false","false","false","false","true","false","true","false","false","false","false","false","true","false"
"38RHULDV9YT298I3DK4GAQQ6CXJIWH","38LKVYAVXKZCADE6DLVQEIG7SU1JQL","Answer a survey about your opinions about an appearance","Give us your opinion about a face","survey, face, image, opinion, fast, quick, easy","$0.05","Sun Sep 01 18:58:50 PDT 2019","100","BatchId:3753862;OriginalHitTemplateId:928390912;","120","86400","Sun Sep 08 18:58:50 PDT 2019","","","32VNZTT0A8I5GP0WJ3X7HA4VRL9R4E","AGNJKSH5LFKXZ","Approved","Sun Sep 01 19:15:32 PDT 2019","Sun Sep 01 19:16:06 PDT 2019","Mon Sep 02 19:16:06 PDT 2019","Mon Sep 02 15:06:38 PDT 2019","","","34","100% (1/1)","100% (1/1)","100% (1/1)","false","false","false","true","false","false","false","true","true","false","false","false","false","true","false","false"
"38RHULDV9YT298I3DK4GAQQ6CXJIWH","38LKVYAVXKZCADE6DLVQEIG7SU1JQL","Answer a survey about your opinions about an appearance","Give us your opinion about a face","survey, face, image, opinion, fast, quick, easy","$0.05","Sun Sep 01 18:58:50 PDT 2019","100","BatchId:3753862;OriginalHitTemplateId:928390912;","120","86400","Sun Sep 08 18:58:50 PDT 2019","","","32XVDSJFP0B4GV8HAHI22WDN1K9M2K","AFCL43MZY6O9P","Approved","Sun Sep 01 19:00:00 PDT 2019","Sun Sep 01 19:00:43 PDT 2019","Mon Sep 02 19:00:43 PDT 2019","Mon Sep 02 15:06:38 PDT 2019","","","43","100% (1/1)","100% (1/1)","100% (1/1)","false","false","false","true","false","true","false","false","false","false","true","false","true","false","false","false"
"38RHULDV9YT298I3DK4GAQQ6CXJIWH","38LKVYAVXKZCADE6DLVQEIG7SU1JQL","Answer a survey about your opinions about an appearance","Give us your opinion about a face","survey, face, image, opinion, fast, quick, easy","$0.05","Sun Sep 01 18:58:50 PDT 2019","100","BatchId:3753862;OriginalHitTemplateId:928390912;","120","86400","Sun Sep 08 18:58:50 PDT 2019","","","32ZKVD547G1XIM03NS6Y7Q7LVZ73BP","A24B4K4ALHD6V3","Approved","Sun Sep 01 19:06:56 PDT 2019","Sun Sep 01 19:08:20 PDT 2019","Mon Sep 02 19:08:20 PDT 2019","Mon Sep 02 15:06:38 PDT 2019","","","84","100% (1/1)","100% (1/1)","100% (1/1)","false","false","true","false","false","false","false","true","false","false","false","true","false","true","false","false"
"38RHULDV9YT298I3DK4GAQQ6CXJIWH","38LKVYAVXKZCADE6DLVQEIG7SU1JQL","Answer a survey about your opinions about an appearance","Give us your opinion about a face","survey, face, image, opinion, fast, quick, easy","$0.05","Sun Sep 01 18:58:50 PDT 2019","100","BatchId:3753862;OriginalHitTemplateId:928390912;","120","86400","Sun Sep 08 18:58:50 PDT 2019","","","3300DTYQT3VNWQIPVUKKL66H8O1QEI","A1RNQ5X21BF816","Approved","Sun Sep 01 19:10:56 PDT 2019","Sun Sep 01 19:11:58 PDT 2019","Mon Sep 02 19:11:58 PDT 2019","Mon Sep 02 15:06:38 PDT 2019","","","62","100% (1/1)","100% (1/1)","100% (1/1)","false","true","false","false","false","false","false","true","false","false","true","false","false","true","false","false"
"38RHULDV9YT298I3DK4GAQQ6CXJIWH","38LKVYAVXKZCADE6DLVQEIG7SU1JQL","Answer a survey about your opinions about an appearance","Give us your opinion about a face","survey, face, image, opinion, fast, quick, easy","$0.05","Sun Sep 01 18:58:50 PDT 2019","100","BatchId:3753862;OriginalHitTemplateId:928390912;","120","86400","Sun Sep 08 18:58:50 PDT 2019","","","33CID5710579VVMFE5VSLT3Q7TL3LC","A1QJV5CO3Z4DHK","Approved","Sun Sep 01 19:07:05 PDT 2019","Sun Sep 01 19:08:16 PDT 2019","Mon Sep 02 19:08:16 PDT 2019","Mon Sep 02 15:06:38 PDT 2019","","","71","100% (1/1)","100% (1/1)","100% (1/1)","false","false","true","false","false","true","false","false","false","false","true","false","true","false","false","false"
"38RHULDV9YT298I3DK4GAQQ6CXJIWH","38LKVYAVXKZCADE6DLVQEIG7SU1JQL","Answer a survey about your opinions about an appearance","Give us your opinion about a face","survey, face, image, opinion, fast, quick, easy","$0.05","Sun Sep 01 18:58:50 PDT 2019","100","BatchId:3753862;OriginalHitTemplateId:928390912;","120","86400","Sun Sep 08 18:58:50 PDT 2019","","","33F859I567RCCU722DV0BK8VE4SHBD","A1O4AAQX2KCD3N","Approved","Sun Sep 01 19:16:59 PDT 2019","Sun Sep 01 19:18:26 PDT 2019","Mon Sep 02 19:18:26 PDT 2019","Mon Sep 02 15:06:38 PDT 2019","","","87","100% (1/1)","100% (1/1)","100% (1/1)","false","true","false","false","true","false","false","false","true","false","false","false","false","true","false","false"
"38RHULDV9YT298I3DK4GAQQ6CXJIWH","38LKVYAVXKZCADE6DLVQEIG7SU1JQL","Answer a survey about your opinions about an appearance","Give us your opinion about a face","survey, face, image, opinion, fast, quick, easy","$0.05","Sun Sep 01 18:58:50 PDT 2019","100","BatchId:3753862;OriginalHitTemplateId:928390912;","120","86400","Sun Sep 08 18:58:50 PDT 2019","","","33ISQZVXPQ045ROSULDUBDHXJXNCC6","A1L1N8CVYBMHS5","Approved","Sun Sep 01 19:14:56 PDT 2019","Sun Sep 01 19:16:34 PDT 2019","Mon Sep 02 19:16:34 PDT 2019","Mon Sep 02 15:06:39 PDT 2019","","","98","100% (1/1)","100% (1/1)","100% (1/1)","false","true","false","false","false","false","true","false","false","false","true","false","false","true","false","false"
"38RHULDV9YT298I3DK4GAQQ6CXJIWH","38LKVYAVXKZCADE6DLVQEIG7SU1JQL","Answer a survey about your opinions about an appearance","Give us your opinion about a face","survey, face, image, opinion, fast, quick, easy","$0.05","Sun Sep 01 18:58:50 PDT 2019","100","BatchId:3753862;OriginalHitTemplateId:928390912;","120","86400","Sun Sep 08 18:58:50 PDT 2019","","","33SA9F9TRY8SGNEB73JQDVO3WPIEWA","A1PMXM3F8T3ULS","Approved","Sun Sep 01 19:17:50 PDT 2019","Sun Sep 01 19:18:58 PDT 2019","Mon Sep 02 19:18:58 PDT 2019","Mon Sep 02 15:06:39 PDT 2019","","","68","100% (1/1)","100% (1/1)","100% (1/1)","false","false","false","true","false","true","false","false","false","false","true","false","false","true","false","false"
"38RHULDV9YT298I3DK4GAQQ6CXJIWH","38LKVYAVXKZCADE6DLVQEIG7SU1JQL","Answer a survey about your opinions about an appearance","Give us your opinion about a face","survey, face, image, opinion, fast, quick, easy","$0.05","Sun Sep 01 18:58:50 PDT 2019","100","BatchId:3753862;OriginalHitTemplateId:928390912;","120","86400","Sun Sep 08 18:58:50 PDT 2019","","","34PGFRQONPP0R303L4UHAB1V1X9JWV","A6GSPK5JSJGBD","Approved","Sun Sep 01 19:00:10 PDT 2019","Sun Sep 01 19:01:09 PDT 2019","Mon Sep 02 19:01:09 PDT 2019","Mon Sep 02 15:06:39 PDT 2019","","","59","100% (1/1)","100% (1/1)","100% (1/1)","true","false","false","false","false","true","false","false","true","false","false","false","false","true","false","false"
"38RHULDV9YT298I3DK4GAQQ6CXJIWH","38LKVYAVXKZCADE6DLVQEIG7SU1JQL","Answer a survey about your opinions about an appearance","Give us your opinion about a face","survey, face, image, opinion, fast, quick, easy","$0.05","Sun Sep 01 18:58:50 PDT 2019","100","BatchId:3753862;OriginalHitTemplateId:928390912;","120","86400","Sun Sep 08 18:58:50 PDT 2019","","","34X6J5FLPUCV764H9VVBIMJ9DWXQJ3","A2MI81AXZJTWG5","Approved","Sun Sep 01 19:11:41 PDT 2019","Sun Sep 01 19:12:14 PDT 2019","Mon Sep 02 19:12:14 PDT 2019","Mon Sep 02 15:06:39 PDT 2019","","","33","100% (1/1)","100% (1/1)","100% (1/1)","true","false","false","false","false","false","true","false","false","true","false","false","true","false","false","false"
"38RHULDV9YT298I3DK4GAQQ6CXJIWH","38LKVYAVXKZCADE6DLVQEIG7SU1JQL","Answer a survey about your opinions about an appearance","Give us your opinion about a face","survey, face, image, opinion, fast, quick, easy","$0.05","Sun Sep 01 18:58:50 PDT 2019","100","BatchId:3753862;OriginalHitTemplateId:928390912;","120","86400","Sun Sep 08 18:58:50 PDT 2019","","","34Z02EIMITR1XGVN4RF05MF0YUQ0TK","A1C9ZHH1PV21PG","Approved","Sun Sep 01 19:09:37 PDT 2019","Sun Sep 01 19:10:33 PDT 2019","Mon Sep 02 19:10:33 PDT 2019","Mon Sep 02 15:06:39 PDT 2019","","","56","100% (1/1)","100% (1/1)","100% (1/1)","false","false","false","true","false","true","false","false","false","false","true","false","false","true","false","false"
"38RHULDV9YT298I3DK4GAQQ6CXJIWH","38LKVYAVXKZCADE6DLVQEIG7SU1JQL","Answer a survey about your opinions about an appearance","Give us your opinion about a face","survey, face, image, opinion, fast, quick, easy","$0.05","Sun Sep 01 18:58:50 PDT 2019","100","BatchId:3753862;OriginalHitTemplateId:928390912;","120","86400","Sun Sep 08 18:58:50 PDT 2019","","","352YTHGROWRSRVMTNYLD362P4C74HQ","A1ID7XWQ45XJCW","Approved","Sun Sep 01 19:03:25 PDT 2019","Sun Sep 01 19:04:59 PDT 2019","Mon Sep 02 19:04:59 PDT 2019","Mon Sep 02 15:06:39 PDT 2019","","","94","100% (1/1)","100% (1/1)","100% (1/1)","true","false","false","false","false","false","true","false","true","false","false","false","false","true","false","false"
"38RHULDV9YT298I3DK4GAQQ6CXJIWH","38LKVYAVXKZCADE6DLVQEIG7SU1JQL","Answer a survey about your opinions about an appearance","Give us your opinion about a face","survey, face, image, opinion, fast, quick, easy","$0.05","Sun Sep 01 18:58:50 PDT 2019","100","BatchId:3753862;OriginalHitTemplateId:928390912;","120","86400","Sun Sep 08 18:58:50 PDT 2019","","","35L9RVQFCPWR8TG824CVGA0J3PXUH5","AZP6V9Q25PIJB","Approved","Sun Sep 01 19:08:41 PDT 2019","Sun Sep 01 19:09:20 PDT 2019","Mon Sep 02 19:09:20 PDT 2019","Mon Sep 02 15:06:39 PDT 2019","","","39","100% (1/1)","100% (1/1)","100% (1/1)","true","false","false","false","false","false","true","false","true","false","false","false","false","true","false","false"
"38RHULDV9YT298I3DK4GAQQ6CXJIWH","38LKVYAVXKZCADE6DLVQEIG7SU1JQL","Answer a survey about your opinions about an appearance","Give us your opinion about a face","survey, face, image, opinion, fast, quick, easy","$0.05","Sun Sep 01 18:58:50 PDT 2019","100","BatchId:3753862;OriginalHitTemplateId:928390912;","120","86400","Sun Sep 08 18:58:50 PDT 2019","","","35USIKEBNSUYGECI9K955OJZMFQ6NQ","A2HH59GF31B2VT","Approved","Sun Sep 01 19:10:42 PDT 2019","Sun Sep 01 19:11:20 PDT 2019","Mon Sep 02 19:11:20 PDT 2019","Mon Sep 02 15:06:39 PDT 2019","","","38","100% (1/1)","100% (1/1)","100% (1/1)","true","false","false","false","false","true","false","false","true","false","false","false","false","true","false","false"
"38RHULDV9YT298I3DK4GAQQ6CXJIWH","38LKVYAVXKZCADE6DLVQEIG7SU1JQL","Answer a survey about your opinions about an appearance","Give us your opinion about a face","survey, face, image, opinion, fast, quick, easy","$0.05","Sun Sep 01 18:58:50 PDT 2019","100","BatchId:3753862;OriginalHitTemplateId:928390912;","120","86400","Sun Sep 08 18:58:50 PDT 2019","","","36DSNE9QZ6CSMUR1UI37THO9YVAJOJ","A1EXE7IDAJGETB","Approved","Sun Sep 01 19:01:55 PDT 2019","Sun Sep 01 19:02:41 PDT 2019","Mon Sep 02 19:02:41 PDT 2019","Mon Sep 02 15:06:40 PDT 2019","","","46","100% (1/1)","100% (1/1)","100% (1/1)","true","false","false","false","false","false","false","true","true","false","false","false","false","true","false","false"
"38RHULDV9YT298I3DK4GAQQ6CXJIWH","38LKVYAVXKZCADE6DLVQEIG7SU1JQL","Answer a survey about your opinions about an appearance","Give us your opinion about a face","survey, face, image, opinion, fast, quick, easy","$0.05","Sun Sep 01 18:58:50 PDT 2019","100","BatchId:3753862;OriginalHitTemplateId:928390912;","120","86400","Sun Sep 08 18:58:50 PDT 2019","","","36H9ULYP638YGHE8VFKH6NFV6UOJF2","A2TQ5QYG0NL62O","Approved","Sun Sep 01 19:14:24 PDT 2019","Sun Sep 01 19:15:05 PDT 2019","Mon Sep 02 19:15:05 PDT 2019","Mon Sep 02 15:06:40 PDT 2019","","","41","100% (1/1)","100% (1/1)","100% (1/1)","false","false","false","true","false","false","false","true","false","false","true","false","false","true","false","false"
"38RHULDV9YT298I3DK4GAQQ6CXJIWH","38LKVYAVXKZCADE6DLVQEIG7SU1JQL","Answer a survey about your opinions about an appearance","Give us your opinion about a face","survey, face, image, opinion, fast, quick, easy","$0.05","Sun Sep 01 18:58:50 PDT 2019","100","BatchId:3753862;OriginalHitTemplateId:928390912;","120","86400","Sun Sep 08 18:58:50 PDT 2019","","","36U2A8VAG2DZRS1LIQCHWNMORUDYKC","A2Y15EX6M0Z441","Approved","Sun Sep 01 19:09:59 PDT 2019","Sun Sep 01 19:10:40 PDT 2019","Mon Sep 02 19:10:40 PDT 2019","Mon Sep 02 15:06:40 PDT 2019","","","41","100% (1/1)","100% (1/1)","100% (1/1)","true","false","false","false","false","false","false","true","false","false","false","true","true","false","false","false"
"38RHULDV9YT298I3DK4GAQQ6CXJIWH","38LKVYAVXKZCADE6DLVQEIG7SU1JQL","Answer a survey about your opinions about an appearance","Give us your opinion about a face","survey, face, image, opinion, fast, quick, easy","$0.05","Sun Sep 01 18:58:50 PDT 2019","100","BatchId:3753862;OriginalHitTemplateId:928390912;","120","86400","Sun Sep 08 18:58:50 PDT 2019","","","37M28K1J0RR3KQX0KZYPSM449EBJAP","A12WWS0G70LQP9","Approved","Sun Sep 01 19:12:53 PDT 2019","Sun Sep 01 19:13:47 PDT 2019","Mon Sep 02 19:13:47 PDT 2019","Mon Sep 02 15:06:40 PDT 2019","","","54","100% (1/1)","100% (1/1)","100% (1/1)","false","false","false","true","false","false","false","true","false","false","true","false","false","true","false","false"
"38RHULDV9YT298I3DK4GAQQ6CXJIWH","38LKVYAVXKZCADE6DLVQEIG7SU1JQL","Answer a survey about your opinions about an appearance","Give us your opinion about a face","survey, face, image, opinion, fast, quick, easy","$0.05","Sun Sep 01 18:58:50 PDT 2019","100","BatchId:3753862;OriginalHitTemplateId:928390912;","120","86400","Sun Sep 08 18:58:50 PDT 2019","","","37Z929RLGAM1YPFZDTYKFSLJTM9TS0","AYZ85PU887QY1","Approved","Sun Sep 01 19:15:26 PDT 2019","Sun Sep 01 19:16:15 PDT 2019","Mon Sep 02 19:16:15 PDT 2019","Mon Sep 02 15:06:40 PDT 2019","","","49","100% (1/1)","100% (1/1)","100% (1/1)","false","false","false","true","false","false","false","true","false","false","true","false","false","true","false","false"
"38RHULDV9YT298I3DK4GAQQ6CXJIWH","38LKVYAVXKZCADE6DLVQEIG7SU1JQL","Answer a survey about your opinions about an appearance","Give us your opinion about a face","survey, face, image, opinion, fast, quick, easy","$0.05","Sun Sep 01 18:58:50 PDT 2019","100","BatchId:3753862;OriginalHitTemplateId:928390912;","120","86400","Sun Sep 08 18:58:50 PDT 2019","","","38JBBYETQPOG7LVRXXD7I35CCWJE4O","A1WSCND5HZZV5N","Approved","Sun Sep 01 19:13:44 PDT 2019","Sun Sep 01 19:14:49 PDT 2019","Mon Sep 02 19:14:49 PDT 2019","Mon Sep 02 15:06:40 PDT 2019","","","65","100% (1/1)","100% (1/1)","100% (1/1)","false","false","false","true","false","true","false","false","false","false","true","false","false","true","false","false"
"38RHULDV9YT298I3DK4GAQQ6CXJIWH","38LKVYAVXKZCADE6DLVQEIG7SU1JQL","Answer a survey about your opinions about an appearance","Give us your opinion about a face","survey, face, image, opinion, fast, quick, easy","$0.05","Sun Sep 01 18:58:50 PDT 2019","100","BatchId:3753862;OriginalHitTemplateId:928390912;","120","86400","Sun Sep 08 18:58:50 PDT 2019","","","3907X2AHF1JA1Y5U2XAUJ07I6PKP2J","A2ZBW4XZ1N5327","Approved","Sun Sep 01 19:03:51 PDT 2019","Sun Sep 01 19:04:47 PDT 2019","Mon Sep 02 19:04:47 PDT 2019","Mon Sep 02 15:06:40 PDT 2019","","","56","100% (1/1)","100% (1/1)","100% (1/1)","true","false","false","false","true","false","false","false","true","false","false","false","false","true","false","false"
"38RHULDV9YT298I3DK4GAQQ6CXJIWH","38LKVYAVXKZCADE6DLVQEIG7SU1JQL","Answer a survey about your opinions about an appearance","Give us your opinion about a face","survey, face, image, opinion, fast, quick, easy","$0.05","Sun Sep 01 18:58:50 PDT 2019","100","BatchId:3753862;OriginalHitTemplateId:928390912;","120","86400","Sun Sep 08 18:58:50 PDT 2019","","","3907X2AHF1JA1Y5U2XAUJ07I6PPP2O","A247TCDIBB07JC","Approved","Sun Sep 01 19:17:22 PDT 2019","Sun Sep 01 19:18:26 PDT 2019","Mon Sep 02 19:18:26 PDT 2019","Mon Sep 02 15:06:40 PDT 2019","","","64","100% (1/1)","100% (1/1)","100% (1/1)","true","false","false","false","false","true","false","false","false","true","false","false","true","false","false","false"
"38RHULDV9YT298I3DK4GAQQ6CXJIWH","38LKVYAVXKZCADE6DLVQEIG7SU1JQL","Answer a survey about your opinions about an appearance","Give us your opinion about a face","survey, face, image, opinion, fast, quick, easy","$0.05","Sun Sep 01 18:58:50 PDT 2019","100","BatchId:3753862;OriginalHitTemplateId:928390912;","120","86400","Sun Sep 08 18:58:50 PDT 2019","","","39PAAFCODNEHQHW37O3PQF5QSQ3TV5","A1205LAZDF42YP","Approved","Sun Sep 01 19:16:13 PDT 2019","Sun Sep 01 19:16:35 PDT 2019","Mon Sep 02 19:16:35 PDT 2019","Mon Sep 02 15:06:41 PDT 2019","","","22","100% (1/1)","100% (1/1)","100% (1/1)","false","false","true","false","false","true","false","false","true","false","false","false","false","true","false","false"
"38RHULDV9YT298I3DK4GAQQ6CXJIWH","38LKVYAVXKZCADE6DLVQEIG7SU1JQL","Answer a survey about your opinions about an appearance","Give us your opinion about a face","survey, face, image, opinion, fast, quick, easy","$0.05","Sun Sep 01 18:58:50 PDT 2019","100","BatchId:3753862;OriginalHitTemplateId:928390912;","120","86400","Sun Sep 08 18:58:50 PDT 2019","","","39ZSFO5CA9ANZZBYQ4FGSNGYGHYJUW","AZJYLX4T2W3NL","Approved","Sun Sep 01 18:59:51 PDT 2019","Sun Sep 01 19:01:11 PDT 2019","Mon Sep 02 19:01:11 PDT 2019","Mon Sep 02 15:06:41 PDT 2019","","","80","100% (1/1)","100% (1/1)","100% (1/1)","true","false","false","false","false","true","false","false","true","false","false","false","false","true","false","false"
"38RHULDV9YT298I3DK4GAQQ6CXJIWH","38LKVYAVXKZCADE6DLVQEIG7SU1JQL","Answer a survey about your opinions about an appearance","Give us your opinion about a face","survey, face, image, opinion, fast, quick, easy","$0.05","Sun Sep 01 18:58:50 PDT 2019","100","BatchId:3753862;OriginalHitTemplateId:928390912;","120","86400","Sun Sep 08 18:58:50 PDT 2019","","","3A1PQ49WVIVBZWPA0G2B58VMSSX1HA","AFOP28WMLK9UB","Approved","Sun Sep 01 19:00:07 PDT 2019","Sun Sep 01 19:00:48 PDT 2019","Mon Sep 02 19:00:48 PDT 2019","Mon Sep 02 15:06:41 PDT 2019","","","41","100% (1/1)","100% (1/1)","100% (1/1)","true","false","false","false","false","true","false","false","true","false","false","false","true","false","false","false"
"38RHULDV9YT298I3DK4GAQQ6CXJIWH","38LKVYAVXKZCADE6DLVQEIG7SU1JQL","Answer a survey about your opinions about an appearance","Give us your opinion about a face","survey, face, image, opinion, fast, quick, easy","$0.05","Sun Sep 01 18:58:50 PDT 2019","100","BatchId:3753862;OriginalHitTemplateId:928390912;","120","86400","Sun Sep 08 18:58:50 PDT 2019","","","3A4TN5196LWVMZZ8GDRVM4EDWPSHCK","A2QDQO4D99M22T","Approved","Sun Sep 01 19:17:17 PDT 2019","Sun Sep 01 19:18:18 PDT 2019","Mon Sep 02 19:18:18 PDT 2019","Mon Sep 02 15:06:41 PDT 2019","","","61","100% (1/1)","100% (1/1)","100% (1/1)","true","false","false","false","true","false","false","false","true","false","false","false","true","false","false","false"
"38RHULDV9YT298I3DK4GAQQ6CXJIWH","38LKVYAVXKZCADE6DLVQEIG7SU1JQL","Answer a survey about your opinions about an appearance","Give us your opinion about a face","survey, face, image, opinion, fast, quick, easy","$0.05","Sun Sep 01 18:58:50 PDT 2019","100","BatchId:3753862;OriginalHitTemplateId:928390912;","120","86400","Sun Sep 08 18:58:50 PDT 2019","","","3A7Y0R2P2P2FG35TV9Q3CUF2AZFJXO","A2572CYRIYT5JQ","Approved","Sun Sep 01 19:00:13 PDT 2019","Sun Sep 01 19:00:54 PDT 2019","Mon Sep 02 19:00:54 PDT 2019","Mon Sep 02 15:06:41 PDT 2019","","","41","100% (1/1)","100% (1/1)","100% (1/1)","false","false","false","true","false","false","false","true","true","false","false","false","false","true","false","false"
"38RHULDV9YT298I3DK4GAQQ6CXJIWH","38LKVYAVXKZCADE6DLVQEIG7SU1JQL","Answer a survey about your opinions about an appearance","Give us your opinion about a face","survey, face, image, opinion, fast, quick, easy","$0.05","Sun Sep 01 18:58:50 PDT 2019","100","BatchId:3753862;OriginalHitTemplateId:928390912;","120","86400","Sun Sep 08 18:58:50 PDT 2019","","","3AAJC4I4FH64LY58WREO9FVDIZDJZL","A3D38UO96N9SB0","Approved","Sun Sep 01 19:01:01 PDT 2019","Sun Sep 01 19:01:48 PDT 2019","Mon Sep 02 19:01:48 PDT 2019","Mon Sep 02 15:06:41 PDT 2019","","","47","100% (1/1)","100% (1/1)","100% (1/1)","true","false","false","false","false","true","false","false","true","false","false","false","false","true","false","false"
"38RHULDV9YT298I3DK4GAQQ6CXJIWH","38LKVYAVXKZCADE6DLVQEIG7SU1JQL","Answer a survey about your opinions about an appearance","Give us your opinion about a face","survey, face, image, opinion, fast, quick, easy","$0.05","Sun Sep 01 18:58:50 PDT 2019","100","BatchId:3753862;OriginalHitTemplateId:928390912;","120","86400","Sun Sep 08 18:58:50 PDT 2019","","","3B3WTRP3DCGP9BPNL8EXXA731L3292","A2NMLTECRDWFN2","Approved","Sun Sep 01 19:03:29 PDT 2019","Sun Sep 01 19:04:31 PDT 2019","Mon Sep 02 19:04:31 PDT 2019","Mon Sep 02 15:06:41 PDT 2019","","","62","100% (1/1)","100% (1/1)","100% (1/1)","true","false","false","false","false","true","false","false","false","false","true","false","false","true","false","false"
"38RHULDV9YT298I3DK4GAQQ6CXJIWH","38LKVYAVXKZCADE6DLVQEIG7SU1JQL","Answer a survey about your opinions about an appearance","Give us your opinion about a face","survey, face, image, opinion, fast, quick, easy","$0.05","Sun Sep 01 18:58:50 PDT 2019","100","BatchId:3753862;OriginalHitTemplateId:928390912;","120","86400","Sun Sep 08 18:58:50 PDT 2019","","","3B3WTRP3DCGP9BPNL8EXXA731L3929","A2OFJ6VNONYVK7","Approved","Sun Sep 01 19:05:45 PDT 2019","Sun Sep 01 19:06:49 PDT 2019","Mon Sep 02 19:06:49 PDT 2019","Mon Sep 02 15:06:41 PDT 2019","","","64","100% (1/1)","100% (1/1)","100% (1/1)","false","false","true","false","false","true","false","false","true","false","false","false","false","true","false","false"
"38RHULDV9YT298I3DK4GAQQ6CXJIWH","38LKVYAVXKZCADE6DLVQEIG7SU1JQL","Answer a survey about your opinions about an appearance","Give us your opinion about a face","survey, face, image, opinion, fast, quick, easy","$0.05","Sun Sep 01 18:58:50 PDT 2019","100","BatchId:3753862;OriginalHitTemplateId:928390912;","120","86400","Sun Sep 08 18:58:50 PDT 2019","","","3BEFOD78W77EJ9N4EV1QVBALLYAM4L","A1PG8OO6O3F9WZ","Approved","Sun Sep 01 19:17:11 PDT 2019","Sun Sep 01 19:18:18 PDT 2019","Mon Sep 02 19:18:18 PDT 2019","Mon Sep 02 15:06:42 PDT 2019","","","67","100% (1/1)","100% (1/1)","100% (1/1)","false","false","false","true","false","false","false","true","false","false","true","false","false","true","false","false"
"38RHULDV9YT298I3DK4GAQQ6CXJIWH","38LKVYAVXKZCADE6DLVQEIG7SU1JQL","Answer a survey about your opinions about an appearance","Give us your opinion about a face","survey, face, image, opinion, fast, quick, easy","$0.05","Sun Sep 01 18:58:50 PDT 2019","100","BatchId:3753862;OriginalHitTemplateId:928390912;","120","86400","Sun Sep 08 18:58:50 PDT 2019","","","3C6FJU71TR7DUO6XC4GJ2AVMTL7YU5","A2S7SCJHKZ0CDR","Approved","Sun Sep 01 19:00:51 PDT 2019","Sun Sep 01 19:02:12 PDT 2019","Mon Sep 02 19:02:12 PDT 2019","Mon Sep 02 15:06:42 PDT 2019","","","81","100% (1/1)","100% (1/1)","100% (1/1)","true","false","false","false","false","true","false","false","false","false","false","true","false","false","true","false"
"38RHULDV9YT298I3DK4GAQQ6CXJIWH","38LKVYAVXKZCADE6DLVQEIG7SU1JQL","Answer a survey about your opinions about an appearance","Give us your opinion about a face","survey, face, image, opinion, fast, quick, easy","$0.05","Sun Sep 01 18:58:50 PDT 2019","100","BatchId:3753862;OriginalHitTemplateId:928390912;","120","86400","Sun Sep 08 18:58:50 PDT 2019","","","3CPLWGV3MPDLYXEG7RCHPYA1CGYN9I","A1ZPOE7PW7UH8V","Approved","Sun Sep 01 19:24:32 PDT 2019","Sun Sep 01 19:25:11 PDT 2019","Mon Sep 02 19:25:11 PDT 2019","Mon Sep 02 15:06:42 PDT 2019","","","39","100% (1/1)","100% (1/1)","100% (1/1)","false","false","true","false","false","true","false","false","true","false","false","false","false","true","false","false"
"38RHULDV9YT298I3DK4GAQQ6CXJIWH","38LKVYAVXKZCADE6DLVQEIG7SU1JQL","Answer a survey about your opinions about an appearance","Give us your opinion about a face","survey, face, image, opinion, fast, quick, easy","$0.05","Sun Sep 01 18:58:50 PDT 2019","100","BatchId:3753862;OriginalHitTemplateId:928390912;","120","86400","Sun Sep 08 18:58:50 PDT 2019","","","3D8YOU6S9FYBB4WR6LLRJJBTUBEU61","A4Y0BJ75SASGL","Approved","Sun Sep 01 19:03:59 PDT 2019","Sun Sep 01 19:04:42 PDT 2019","Mon Sep 02 19:04:42 PDT 2019","Mon Sep 02 15:06:42 PDT 2019","","","43","100% (1/1)","100% (1/1)","100% (1/1)","false","false","false","true","false","true","false","false","false","false","true","false","false","true","false","false"
"38RHULDV9YT298I3DK4GAQQ6CXJIWH","38LKVYAVXKZCADE6DLVQEIG7SU1JQL","Answer a survey about your opinions about an appearance","Give us your opinion about a face","survey, face, image, opinion, fast, quick, easy","$0.05","Sun Sep 01 18:58:50 PDT 2019","100","BatchId:3753862;OriginalHitTemplateId:928390912;","120","86400","Sun Sep 08 18:58:50 PDT 2019","","","3DUZQ9U6SN2GBHJOIOYZGA94Q7LSVB","A2TZ7IH313CFE1","Approved","Sun Sep 01 19:05:31 PDT 2019","Sun Sep 01 19:06:54 PDT 2019","Mon Sep 02 19:06:54 PDT 2019","Mon Sep 02 15:06:42 PDT 2019","","","83","100% (1/1)","100% (1/1)","100% (1/1)","false","false","false","true","false","true","false","false","false","false","true","false","false","true","false","false"
"38RHULDV9YT298I3DK4GAQQ6CXJIWH","38LKVYAVXKZCADE6DLVQEIG7SU1JQL","Answer a survey about your opinions about an appearance","Give us your opinion about a face","survey, face, image, opinion, fast, quick, easy","$0.05","Sun Sep 01 18:58:50 PDT 2019","100","BatchId:3753862;OriginalHitTemplateId:928390912;","120","86400","Sun Sep 08 18:58:50 PDT 2019","","","3E4GGUZ1T959Q78EP55MNJLJCFJK2I","AI199U2TAP1UV","Approved","Sun Sep 01 19:18:32 PDT 2019","Sun Sep 01 19:19:17 PDT 2019","Mon Sep 02 19:19:17 PDT 2019","Mon Sep 02 15:06:42 PDT 2019","","","45","100% (1/1)","100% (1/1)","100% (1/1)","true","false","false","false","false","false","true","false","false","false","true","false","false","true","false","false"
"38RHULDV9YT298I3DK4GAQQ6CXJIWH","38LKVYAVXKZCADE6DLVQEIG7SU1JQL","Answer a survey about your opinions about an appearance","Give us your opinion about a face","survey, face, image, opinion, fast, quick, easy","$0.05","Sun Sep 01 18:58:50 PDT 2019","100","BatchId:3753862;OriginalHitTemplateId:928390912;","120","86400","Sun Sep 08 18:58:50 PDT 2019","","","3EF8EXOTT297Q2K0OG5WHLB15K11JF","A2JJIYN79SQWT7","Approved","Sun Sep 01 19:00:34 PDT 2019","Sun Sep 01 19:01:22 PDT 2019","Mon Sep 02 19:01:22 PDT 2019","Mon Sep 02 15:06:42 PDT 2019","","","48","100% (1/1)","100% (1/1)","100% (1/1)","true","false","false","false","false","false","true","false","false","false","true","false","false","false","true","false"
"38RHULDV9YT298I3DK4GAQQ6CXJIWH","38LKVYAVXKZCADE6DLVQEIG7SU1JQL","Answer a survey about your opinions about an appearance","Give us your opinion about a face","survey, face, image, opinion, fast, quick, easy","$0.05","Sun Sep 01 18:58:50 PDT 2019","100","BatchId:3753862;OriginalHitTemplateId:928390912;","120","86400","Sun Sep 08 18:58:50 PDT 2019","","","3EJJQNKU9SJZS1ORYAHQBZDZWQVRH0","A3O4QA82PETU5Q","Approved","Sun Sep 01 19:17:57 PDT 2019","Sun Sep 01 19:19:17 PDT 2019","Mon Sep 02 19:19:17 PDT 2019","Mon Sep 02 15:06:42 PDT 2019","","","80","100% (1/1)","100% (1/1)","100% (1/1)","false","false","false","true","false","false","false","true","false","false","true","false","false","true","false","false"
"38RHULDV9YT298I3DK4GAQQ6CXJIWH","38LKVYAVXKZCADE6DLVQEIG7SU1JQL","Answer a survey about your opinions about an appearance","Give us your opinion about a face","survey, face, image, opinion, fast, quick, easy","$0.05","Sun Sep 01 18:58:50 PDT 2019","100","BatchId:3753862;OriginalHitTemplateId:928390912;","120","86400","Sun Sep 08 18:58:50 PDT 2019","","","3EWIJTFFVPLZ8XDQEWQ560FZVK3E08","A3ADQ2RLQNJQDU","Approved","Sun Sep 01 19:13:15 PDT 2019","Sun Sep 01 19:14:21 PDT 2019","Mon Sep 02 19:14:21 PDT 2019","Mon Sep 02 15:06:43 PDT 2019","","","66","100% (1/1)","100% (1/1)","100% (1/1)","true","false","false","false","false","true","false","false","true","false","false","false","false","true","false","false"
"38RHULDV9YT298I3DK4GAQQ6CXJIWH","38LKVYAVXKZCADE6DLVQEIG7SU1JQL","Answer a survey about your opinions about an appearance","Give us your opinion about a face","survey, face, image, opinion, fast, quick, easy","$0.05","Sun Sep 01 18:58:50 PDT 2019","100","BatchId:3753862;OriginalHitTemplateId:928390912;","120","86400","Sun Sep 08 18:58:50 PDT 2019","","","3FE2ERCCZYMO85UZPV8RQDAL7UGOPO","A2IUT0610X9CV0","Approved","Sun Sep 01 19:00:36 PDT 2019","Sun Sep 01 19:01:23 PDT 2019","Mon Sep 02 19:01:23 PDT 2019","Mon Sep 02 15:06:43 PDT 2019","","","47","100% (1/1)","100% (1/1)","100% (1/1)","true","false","false","false","false","true","false","false","false","true","false","false","false","true","false","false"
"38RHULDV9YT298I3DK4GAQQ6CXJIWH","38LKVYAVXKZCADE6DLVQEIG7SU1JQL","Answer a survey about your opinions about an appearance","Give us your opinion about a face","survey, face, image, opinion, fast, quick, easy","$0.05","Sun Sep 01 18:58:50 PDT 2019","100","BatchId:3753862;OriginalHitTemplateId:928390912;","120","86400","Sun Sep 08 18:58:50 PDT 2019","","","3FTF2T8WLSWBLRNUZS34LHNS5S2W9I","A1NIU54B655ABP","Approved","Sun Sep 01 19:19:10 PDT 2019","Sun Sep 01 19:20:29 PDT 2019","Mon Sep 02 19:20:29 PDT 2019","Mon Sep 02 15:06:43 PDT 2019","","","79","100% (1/1)","100% (1/1)","100% (1/1)","false","false","false","true","false","false","false","true","false","false","false","true","true","false","false","false"
"38RHULDV9YT298I3DK4GAQQ6CXJIWH","38LKVYAVXKZCADE6DLVQEIG7SU1JQL","Answer a survey about your opinions about an appearance","Give us your opinion about a face","survey, face, image, opinion, fast, quick, easy","$0.05","Sun Sep 01 18:58:50 PDT 2019","100","BatchId:3753862;OriginalHitTemplateId:928390912;","120","86400","Sun Sep 08 18:58:50 PDT 2019","","","3HQUKB7LNGSM37AO255WXVBT9HXHHT","AHUZHIK2EVAM7","Approved","Sun Sep 01 19:18:03 PDT 2019","Sun Sep 01 19:18:48 PDT 2019","Mon Sep 02 19:18:48 PDT 2019","Mon Sep 02 15:06:43 PDT 2019","","","45","100% (1/1)","100% (1/1)","100% (1/1)","false","false","false","true","false","false","true","false","true","false","false","false","false","false","true","false"
"38RHULDV9YT298I3DK4GAQQ6CXJIWH","38LKVYAVXKZCADE6DLVQEIG7SU1JQL","Answer a survey about your opinions about an appearance","Give us your opinion about a face","survey, face, image, opinion, fast, quick, easy","$0.05","Sun Sep 01 18:58:50 PDT 2019","100","BatchId:3753862;OriginalHitTemplateId:928390912;","120","86400","Sun Sep 08 18:58:50 PDT 2019","","","3IRIK4HM3BYFPAFRKU0RPDPNNB86C4","A356ULBZCHXBVW","Approved","Sun Sep 01 19:05:51 PDT 2019","Sun Sep 01 19:07:22 PDT 2019","Mon Sep 02 19:07:22 PDT 2019","Mon Sep 02 15:06:43 PDT 2019","","","91","100% (1/1)","100% (1/1)","100% (1/1)","false","false","true","false","false","false","true","false","false","true","false","false","true","false","false","false"
"38RHULDV9YT298I3DK4GAQQ6CXJIWH","38LKVYAVXKZCADE6DLVQEIG7SU1JQL","Answer a survey about your opinions about an appearance","Give us your opinion about a face","survey, face, image, opinion, fast, quick, easy","$0.05","Sun Sep 01 18:58:50 PDT 2019","100","BatchId:3753862;OriginalHitTemplateId:928390912;","120","86400","Sun Sep 08 18:58:50 PDT 2019","","","3JAOYWH7VJIVAXBVVEW2C66C7LVL9B","A1ZDVM929WAIOJ","Approved","Sun Sep 01 19:07:03 PDT 2019","Sun Sep 01 19:08:30 PDT 2019","Mon Sep 02 19:08:30 PDT 2019","Mon Sep 02 15:06:43 PDT 2019","","","87","100% (1/1)","100% (1/1)","100% (1/1)","false","false","false","true","false","false","false","true","false","false","true","false","false","true","false","false"
"38RHULDV9YT298I3DK4GAQQ6CXJIWH","38LKVYAVXKZCADE6DLVQEIG7SU1JQL","Answer a survey about your opinions about an appearance","Give us your opinion about a face","survey, face, image, opinion, fast, quick, easy","$0.05","Sun Sep 01 18:58:50 PDT 2019","100","BatchId:3753862;OriginalHitTemplateId:928390912;","120","86400","Sun Sep 08 18:58:50 PDT 2019","","","3JC6VJ2SACXVDRIFVXUVRCLZRDG5AP","A3FVRWBPRATSGI","Approved","Sun Sep 01 19:09:28 PDT 2019","Sun Sep 01 19:10:26 PDT 2019","Mon Sep 02 19:10:26 PDT 2019","Mon Sep 02 15:06:43 PDT 2019","","","58","100% (1/1)","100% (1/1)","100% (1/1)","false","false","true","false","false","false","true","false","false","true","false","false","false","true","false","false"
"38RHULDV9YT298I3DK4GAQQ6CXJIWH","38LKVYAVXKZCADE6DLVQEIG7SU1JQL","Answer a survey about your opinions about an appearance","Give us your opinion about a face","survey, face, image, opinion, fast, quick, easy","$0.05","Sun Sep 01 18:58:50 PDT 2019","100","BatchId:3753862;OriginalHitTemplateId:928390912;","120","86400","Sun Sep 08 18:58:50 PDT 2019","","","3JWH6J9I9TR4MQTD5BQDG45R0G1BNG","A1DMAA15DLXW5A","Approved","Sun Sep 01 19:11:08 PDT 2019","Sun Sep 01 19:12:28 PDT 2019","Mon Sep 02 19:12:28 PDT 2019","Mon Sep 02 15:06:43 PDT 2019","","","80","100% (1/1)","100% (1/1)","100% (1/1)","true","false","false","false","false","true","false","false","true","false","false","false","false","true","false","false"
"38RHULDV9YT298I3DK4GAQQ6CXJIWH","38LKVYAVXKZCADE6DLVQEIG7SU1JQL","Answer a survey about your opinions about an appearance","Give us your opinion about a face","survey, face, image, opinion, fast, quick, easy","$0.05","Sun Sep 01 18:58:50 PDT 2019","100","BatchId:3753862;OriginalHitTemplateId:928390912;","120","86400","Sun Sep 08 18:58:50 PDT 2019","","","3K772S5NP9PAJXJMC4XQCSEGH15EHA","A37XVDGVAEI7F","Approved","Sun Sep 01 19:15:44 PDT 2019","Sun Sep 01 19:16:41 PDT 2019","Mon Sep 02 19:16:41 PDT 2019","Mon Sep 02 15:06:44 PDT 2019","","","57","100% (1/1)","100% (1/1)","100% (1/1)","false","true","false","false","false","true","false","false","true","false","false","false","true","false","false","false"
"38RHULDV9YT298I3DK4GAQQ6CXJIWH","38LKVYAVXKZCADE6DLVQEIG7SU1JQL","Answer a survey about your opinions about an appearance","Give us your opinion about a face","survey, face, image, opinion, fast, quick, easy","$0.05","Sun Sep 01 18:58:50 PDT 2019","100","BatchId:3753862;OriginalHitTemplateId:928390912;","120","86400","Sun Sep 08 18:58:50 PDT 2019","","","3K772S5NP9PAJXJMC4XQCSEGH15HED","ACLYRDTCB65B0","Approved","Sun Sep 01 19:17:26 PDT 2019","Sun Sep 01 19:18:06 PDT 2019","Mon Sep 02 19:18:06 PDT 2019","Mon Sep 02 15:06:44 PDT 2019","","","40","100% (1/1)","100% (1/1)","100% (1/1)","false","false","false","true","false","true","false","false","false","false","false","true","false","true","false","false"
"38RHULDV9YT298I3DK4GAQQ6CXJIWH","38LKVYAVXKZCADE6DLVQEIG7SU1JQL","Answer a survey about your opinions about an appearance","Give us your opinion about a face","survey, face, image, opinion, fast, quick, easy","$0.05","Sun Sep 01 18:58:50 PDT 2019","100","BatchId:3753862;OriginalHitTemplateId:928390912;","120","86400","Sun Sep 08 18:58:50 PDT 2019","","","3K9FOBBF2IXGZZFPWOF7U71WCAFNLF","AHRVVI0K5WSD4","Approved","Sun Sep 01 19:10:02 PDT 2019","Sun Sep 01 19:11:19 PDT 2019","Mon Sep 02 19:11:19 PDT 2019","Mon Sep 02 15:06:44 PDT 2019","","","77","100% (1/1)","100% (1/1)","100% (1/1)","true","false","false","false","false","true","false","false","true","false","false","false","false","false","false","true"
"38RHULDV9YT298I3DK4GAQQ6CXJIWH","38LKVYAVXKZCADE6DLVQEIG7SU1JQL","Answer a survey about your opinions about an appearance","Give us your opinion about a face","survey, face, image, opinion, fast, quick, easy","$0.05","Sun Sep 01 18:58:50 PDT 2019","100","BatchId:3753862;OriginalHitTemplateId:928390912;","120","86400","Sun Sep 08 18:58:50 PDT 2019","","","3L6L49WXW1BGB22YMWK4E9ZZZ3G459","A2X0CVSNOQ946M","Approved","Sun Sep 01 19:01:20 PDT 2019","Sun Sep 01 19:02:06 PDT 2019","Mon Sep 02 19:02:06 PDT 2019","Mon Sep 02 15:06:44 PDT 2019","","","46","100% (1/1)","100% (1/1)","100% (1/1)","true","false","false","false","false","false","false","true","false","false","true","false","false","true","false","false"
"38RHULDV9YT298I3DK4GAQQ6CXJIWH","38LKVYAVXKZCADE6DLVQEIG7SU1JQL","Answer a survey about your opinions about an appearance","Give us your opinion about a face","survey, face, image, opinion, fast, quick, easy","$0.05","Sun Sep 01 18:58:50 PDT 2019","100","BatchId:3753862;OriginalHitTemplateId:928390912;","120","86400","Sun Sep 08 18:58:50 PDT 2019","","","3LS2AMNW5G498HVEP8NGQI0VCQ2OQF","A1FJBQHW04JOGC","Approved","Sun Sep 01 19:00:59 PDT 2019","Sun Sep 01 19:02:42 PDT 2019","Mon Sep 02 19:02:42 PDT 2019","Mon Sep 02 15:06:44 PDT 2019","","","103","100% (1/1)","100% (1/1)","100% (1/1)","true","false","false","false","false","false","true","false","false","false","false","true","true","false","false","false"
"38RHULDV9YT298I3DK4GAQQ6CXJIWH","38LKVYAVXKZCADE6DLVQEIG7SU1JQL","Answer a survey about your opinions about an appearance","Give us your opinion about a face","survey, face, image, opinion, fast, quick, easy","$0.05","Sun Sep 01 18:58:50 PDT 2019","100","BatchId:3753862;OriginalHitTemplateId:928390912;","120","86400","Sun Sep 08 18:58:50 PDT 2019","","","3M23Y66PO3LVWR4NHGQR4IT59EY6S2","AOEO9ZV81R0I4","Approved","Sun Sep 01 19:11:32 PDT 2019","Sun Sep 01 19:12:22 PDT 2019","Mon Sep 02 19:12:22 PDT 2019","Mon Sep 02 15:06:44 PDT 2019","","","50","100% (1/1)","100% (1/1)","100% (1/1)","false","false","false","true","false","false","false","true","false","true","false","false","false","true","false","false"
"38RHULDV9YT298I3DK4GAQQ6CXJIWH","38LKVYAVXKZCADE6DLVQEIG7SU1JQL","Answer a survey about your opinions about an appearance","Give us your opinion about a face","survey, face, image, opinion, fast, quick, easy","$0.05","Sun Sep 01 18:58:50 PDT 2019","100","BatchId:3753862;OriginalHitTemplateId:928390912;","120","86400","Sun Sep 08 18:58:50 PDT 2019","","","3N2BF7Y2VR88VLBZT2L9P0JPQ3WHM2","A3NS43C18XRZ3V","Approved","Sun Sep 01 19:18:25 PDT 2019","Sun Sep 01 19:19:48 PDT 2019","Mon Sep 02 19:19:48 PDT 2019","Mon Sep 02 15:06:44 PDT 2019","","","83","100% (1/1)","100% (1/1)","100% (1/1)","true","false","false","false","false","false","true","false","true","false","false","false","false","true","false","false"
"38RHULDV9YT298I3DK4GAQQ6CXJIWH","38LKVYAVXKZCADE6DLVQEIG7SU1JQL","Answer a survey about your opinions about an appearance","Give us your opinion about a face","survey, face, image, opinion, fast, quick, easy","$0.05","Sun Sep 01 18:58:50 PDT 2019","100","BatchId:3753862;OriginalHitTemplateId:928390912;","120","86400","Sun Sep 08 18:58:50 PDT 2019","","","3N8OEVH1FS46N5IYAVVC1D5VXPKOO7","A3V8LIMUUJWUTL","Approved","Sun Sep 01 19:00:35 PDT 2019","Sun Sep 01 19:01:20 PDT 2019","Mon Sep 02 19:01:20 PDT 2019","Mon Sep 02 15:06:44 PDT 2019","","","45","100% (1/1)","100% (1/1)","100% (1/1)","false","false","false","true","false","true","false","false","false","false","false","true","false","true","false","false"
"38RHULDV9YT298I3DK4GAQQ6CXJIWH","38LKVYAVXKZCADE6DLVQEIG7SU1JQL","Answer a survey about your opinions about an appearance","Give us your opinion about a face","survey, face, image, opinion, fast, quick, easy","$0.05","Sun Sep 01 18:58:50 PDT 2019","100","BatchId:3753862;OriginalHitTemplateId:928390912;","120","86400","Sun Sep 08 18:58:50 PDT 2019","","","3NQL1CS15SMD73VXHUQOYWX57SGYVU","A12H9WVHOB0E0O","Approved","Sun Sep 01 19:00:52 PDT 2019","Sun Sep 01 19:01:26 PDT 2019","Mon Sep 02 19:01:26 PDT 2019","Mon Sep 02 15:06:45 PDT 2019","","","34","100% (1/1)","100% (1/1)","100% (1/1)","true","false","false","false","false","true","false","false","true","false","false","false","false","true","false","false"
"38RHULDV9YT298I3DK4GAQQ6CXJIWH","38LKVYAVXKZCADE6DLVQEIG7SU1JQL","Answer a survey about your opinions about an appearance","Give us your opinion about a face","survey, face, image, opinion, fast, quick, easy","$0.05","Sun Sep 01 18:58:50 PDT 2019","100","BatchId:3753862;OriginalHitTemplateId:928390912;","120","86400","Sun Sep 08 18:58:50 PDT 2019","","","3NXNZ5RS1BBWVCMTRKVST1OBC1Q97Q","A1LII4M7CS6C9I","Approved","Sun Sep 01 19:06:51 PDT 2019","Sun Sep 01 19:07:26 PDT 2019","Mon Sep 02 19:07:26 PDT 2019","Mon Sep 02 15:06:45 PDT 2019","","","35","100% (1/1)","100% (1/1)","100% (1/1)","true","false","false","false","false","false","true","false","true","false","false","false","false","true","false","false"
"38RHULDV9YT298I3DK4GAQQ6CXJIWH","38LKVYAVXKZCADE6DLVQEIG7SU1JQL","Answer a survey about your opinions about an appearance","Give us your opinion about a face","survey, face, image, opinion, fast, quick, easy","$0.05","Sun Sep 01 18:58:50 PDT 2019","100","BatchId:3753862;OriginalHitTemplateId:928390912;","120","86400","Sun Sep 08 18:58:50 PDT 2019","","","3OUYGIZWR8C35O2GNA6G0CE39R0P0Z","A1OWHPMKE7YAGL","Approved","Sun Sep 01 19:03:07 PDT 2019","Sun Sep 01 19:04:12 PDT 2019","Mon Sep 02 19:04:12 PDT 2019","Mon Sep 02 15:06:45 PDT 2019","","","65","100% (1/1)","100% (1/1)","100% (1/1)","true","false","false","false","false","true","false","false","false","false","false","true","false","true","false","false"
"38RHULDV9YT298I3DK4GAQQ6CXJIWH","38LKVYAVXKZCADE6DLVQEIG7SU1JQL","Answer a survey about your opinions about an appearance","Give us your opinion about a face","survey, face, image, opinion, fast, quick, easy","$0.05","Sun Sep 01 18:58:50 PDT 2019","100","BatchId:3753862;OriginalHitTemplateId:928390912;","120","86400","Sun Sep 08 18:58:50 PDT 2019","","","3P529IW9KZZ4B728Y0WUM2SNAJTLF6","A3L8T9F5WX6IZ3","Approved","Sun Sep 01 19:13:09 PDT 2019","Sun Sep 01 19:13:50 PDT 2019","Mon Sep 02 19:13:50 PDT 2019","Mon Sep 02 15:06:45 PDT 2019","","","41","100% (1/1)","100% (1/1)","100% (1/1)","false","false","false","true","false","true","false","false","true","false","false","false","false","true","false","false"
"38RHULDV9YT298I3DK4GAQQ6CXJIWH","38LKVYAVXKZCADE6DLVQEIG7SU1JQL","Answer a survey about your opinions about an appearance","Give us your opinion about a face","survey, face, image, opinion, fast, quick, easy","$0.05","Sun Sep 01 18:58:50 PDT 2019","100","BatchId:3753862;OriginalHitTemplateId:928390912;","120","86400","Sun Sep 08 18:58:50 PDT 2019","","","3PMBY0YE28H27THPI1339NGPDCKC9P","A1PRRDIHIHTHJV","Approved","Sun Sep 01 19:14:44 PDT 2019","Sun Sep 01 19:15:14 PDT 2019","Mon Sep 02 19:15:14 PDT 2019","Mon Sep 02 15:06:45 PDT 2019","","","30","100% (1/1)","100% (1/1)","100% (1/1)","true","false","false","false","false","false","true","false","false","false","true","false","false","false","false","true"
"38RHULDV9YT298I3DK4GAQQ6CXJIWH","38LKVYAVXKZCADE6DLVQEIG7SU1JQL","Answer a survey about your opinions about an appearance","Give us your opinion about a face","survey, face, image, opinion, fast, quick, easy","$0.05","Sun Sep 01 18:58:50 PDT 2019","100","BatchId:3753862;OriginalHitTemplateId:928390912;","120","86400","Sun Sep 08 18:58:50 PDT 2019","","","3QILPRALQ69LKSV62Z63P2FQSAG8NE","A2H8NCFEXWM99N","Approved","Sun Sep 01 19:11:48 PDT 2019","Sun Sep 01 19:12:42 PDT 2019","Mon Sep 02 19:12:42 PDT 2019","Mon Sep 02 15:06:45 PDT 2019","","","54","100% (1/1)","100% (1/1)","100% (1/1)","true","false","false","false","false","false","true","false","true","false","false","false","false","false","true","false"
"38RHULDV9YT298I3DK4GAQQ6CXJIWH","38LKVYAVXKZCADE6DLVQEIG7SU1JQL","Answer a survey about your opinions about an appearance","Give us your opinion about a face","survey, face, image, opinion, fast, quick, easy","$0.05","Sun Sep 01 18:58:50 PDT 2019","100","BatchId:3753862;OriginalHitTemplateId:928390912;","120","86400","Sun Sep 08 18:58:50 PDT 2019","","","3QJOXOW4XK5WBBKX31D34XMCYNZMEM","A3BAOQ3YJGTXM6","Approved","Sun Sep 01 19:03:03 PDT 2019","Sun Sep 01 19:03:38 PDT 2019","Mon Sep 02 19:03:38 PDT 2019","Mon Sep 02 15:06:45 PDT 2019","","","35","100% (1/1)","100% (1/1)","100% (1/1)","false","false","false","true","false","false","false","true","true","false","false","false","false","true","false","false"
"38RHULDV9YT298I3DK4GAQQ6CXJIWH","38LKVYAVXKZCADE6DLVQEIG7SU1JQL","Answer a survey about your opinions about an appearance","Give us your opinion about a face","survey, face, image, opinion, fast, quick, easy","$0.05","Sun Sep 01 18:58:50 PDT 2019","100","BatchId:3753862;OriginalHitTemplateId:928390912;","120","86400","Sun Sep 08 18:58:50 PDT 2019","","","3R0T90IZ1TQHM34XW79D142CHPFCGG","AVASQBFN6J692","Approved","Sun Sep 01 19:15:55 PDT 2019","Sun Sep 01 19:17:00 PDT 2019","Mon Sep 02 19:17:00 PDT 2019","Mon Sep 02 15:06:45 PDT 2019","","","65","100% (1/1)","100% (1/1)","100% (1/1)","true","false","false","false","false","false","false","true","false","false","true","false","false","true","false","false"
"38RHULDV9YT298I3DK4GAQQ6CXJIWH","38LKVYAVXKZCADE6DLVQEIG7SU1JQL","Answer a survey about your opinions about an appearance","Give us your opinion about a face","survey, face, image, opinion, fast, quick, easy","$0.05","Sun Sep 01 18:58:50 PDT 2019","100","BatchId:3753862;OriginalHitTemplateId:928390912;","120","86400","Sun Sep 08 18:58:50 PDT 2019","","","3R2PKQ87NXM8RGMJZK3UPCK4QG6MIV","A3E6ZHAKWMK0RW","Approved","Sun Sep 01 19:05:23 PDT 2019","Sun Sep 01 19:06:33 PDT 2019","Mon Sep 02 19:06:33 PDT 2019","Mon Sep 02 15:06:45 PDT 2019","","","70","100% (1/1)","100% (1/1)","100% (1/1)","false","false","false","true","false","false","true","false","true","false","false","false","true","false","false","false"
"38RHULDV9YT298I3DK4GAQQ6CXJIWH","38LKVYAVXKZCADE6DLVQEIG7SU1JQL","Answer a survey about your opinions about an appearance","Give us your opinion about a face","survey, face, image, opinion, fast, quick, easy","$0.05","Sun Sep 01 18:58:50 PDT 2019","100","BatchId:3753862;OriginalHitTemplateId:928390912;","120","86400","Sun Sep 08 18:58:50 PDT 2019","","","3RRCEFRB7NQI0IJ7N6BHHVZR9Z44BC","A2CPJ227RHJRRZ","Approved","Sun Sep 01 19:07:26 PDT 2019","Sun Sep 01 19:08:24 PDT 2019","Mon Sep 02 19:08:24 PDT 2019","Mon Sep 02 15:06:46 PDT 2019","","","58","100% (1/1)","100% (1/1)","100% (1/1)","true","false","false","false","false","true","false","false","false","true","false","false","false","true","false","false"
"38RHULDV9YT298I3DK4GAQQ6CXJIWH","38LKVYAVXKZCADE6DLVQEIG7SU1JQL","Answer a survey about your opinions about an appearance","Give us your opinion about a face","survey, face, image, opinion, fast, quick, easy","$0.05","Sun Sep 01 18:58:50 PDT 2019","100","BatchId:3753862;OriginalHitTemplateId:928390912;","120","86400","Sun Sep 08 18:58:50 PDT 2019","","","3SB5N7Y3O4IXSB9HKRGT630B80IG0R","A1DO03UZMUZROP","Approved","Sun Sep 01 19:10:07 PDT 2019","Sun Sep 01 19:11:21 PDT 2019","Mon Sep 02 19:11:21 PDT 2019","Mon Sep 02 15:06:46 PDT 2019","","","74","100% (1/1)","100% (1/1)","100% (1/1)","false","false","true","false","false","false","false","true","false","false","false","true","false","false","true","false"
"38RHULDV9YT298I3DK4GAQQ6CXJIWH","38LKVYAVXKZCADE6DLVQEIG7SU1JQL","Answer a survey about your opinions about an appearance","Give us your opinion about a face","survey, face, image, opinion, fast, quick, easy","$0.05","Sun Sep 01 18:58:50 PDT 2019","100","BatchId:3753862;OriginalHitTemplateId:928390912;","120","86400","Sun Sep 08 18:58:50 PDT 2019","","","3SKRO2GZ72521MQI6158I0BEK90K1W","AUBB8KU9XV2R8","Approved","Sun Sep 01 19:01:36 PDT 2019","Sun Sep 01 19:02:11 PDT 2019","Mon Sep 02 19:02:11 PDT 2019","Mon Sep 02 15:06:46 PDT 2019","","","35","100% (1/1)","100% (1/1)","100% (1/1)","false","false","true","false","false","true","false","false","false","false","true","false","false","true","false","false"
"38RHULDV9YT298I3DK4GAQQ6CXJIWH","38LKVYAVXKZCADE6DLVQEIG7SU1JQL","Answer a survey about your opinions about an appearance","Give us your opinion about a face","survey, face, image, opinion, fast, quick, easy","$0.05","Sun Sep 01 18:58:50 PDT 2019","100","BatchId:3753862;OriginalHitTemplateId:928390912;","120","86400","Sun Sep 08 18:58:50 PDT 2019","","","3SLE99ER0ORY3F7W8Z17BRC0AU5BZT","A2KQ0WZ0ITLDUF","Approved","Sun Sep 01 19:05:54 PDT 2019","Sun Sep 01 19:06:47 PDT 2019","Mon Sep 02 19:06:47 PDT 2019","Mon Sep 02 15:06:46 PDT 2019","","","53","100% (1/1)","100% (1/1)","100% (1/1)","false","false","false","true","false","false","true","false","true","false","false","false","false","true","false","false"
"38RHULDV9YT298I3DK4GAQQ6CXJIWH","38LKVYAVXKZCADE6DLVQEIG7SU1JQL","Answer a survey about your opinions about an appearance","Give us your opinion about a face","survey, face, image, opinion, fast, quick, easy","$0.05","Sun Sep 01 18:58:50 PDT 2019","100","BatchId:3753862;OriginalHitTemplateId:928390912;","120","86400","Sun Sep 08 18:58:50 PDT 2019","","","3SPJ033422H4G8V305C5V8MBC5BYJB","AA6RYE4V0IBKM","Approved","Sun Sep 01 19:07:06 PDT 2019","Sun Sep 01 19:07:59 PDT 2019","Mon Sep 02 19:07:59 PDT 2019","Mon Sep 02 15:06:46 PDT 2019","","","53","100% (1/1)","100% (1/1)","100% (1/1)","false","false","true","false","false","false","false","true","true","false","false","false","false","true","false","false"
"38RHULDV9YT298I3DK4GAQQ6CXJIWH","38LKVYAVXKZCADE6DLVQEIG7SU1JQL","Answer a survey about your opinions about an appearance","Give us your opinion about a face","survey, face, image, opinion, fast, quick, easy","$0.05","Sun Sep 01 18:58:50 PDT 2019","100","BatchId:3753862;OriginalHitTemplateId:928390912;","120","86400","Sun Sep 08 18:58:50 PDT 2019","","","3SUWZRL0MZRUM8Z5GL6MF1PQ8NP6E1","AERUGEPUVPX1R","Approved","Sun Sep 01 19:09:55 PDT 2019","Sun Sep 01 19:11:17 PDT 2019","Mon Sep 02 19:11:17 PDT 2019","Mon Sep 02 15:06:46 PDT 2019","","","82","100% (1/1)","100% (1/1)","100% (1/1)","false","true","false","false","false","false","true","false","true","false","false","false","false","true","false","false"
"38RHULDV9YT298I3DK4GAQQ6CXJIWH","38LKVYAVXKZCADE6DLVQEIG7SU1JQL","Answer a survey about your opinions about an appearance","Give us your opinion about a face","survey, face, image, opinion, fast, quick, easy","$0.05","Sun Sep 01 18:58:50 PDT 2019","100","BatchId:3753862;OriginalHitTemplateId:928390912;","120","86400","Sun Sep 08 18:58:50 PDT 2019","","","3SUWZRL0MZRUM8Z5GL6MF1PQ8NPE69","A29M1HW9HC2RDJ","Approved","Sun Sep 01 19:14:25 PDT 2019","Sun Sep 01 19:15:20 PDT 2019","Mon Sep 02 19:15:20 PDT 2019","Mon Sep 02 15:06:46 PDT 2019","","","55","100% (1/1)","100% (1/1)","100% (1/1)","true","false","false","false","false","false","false","true","false","false","true","false","false","true","false","false"
"38RHULDV9YT298I3DK4GAQQ6CXJIWH","38LKVYAVXKZCADE6DLVQEIG7SU1JQL","Answer a survey about your opinions about an appearance","Give us your opinion about a face","survey, face, image, opinion, fast, quick, easy","$0.05","Sun Sep 01 18:58:50 PDT 2019","100","BatchId:3753862;OriginalHitTemplateId:928390912;","120","86400","Sun Sep 08 18:58:50 PDT 2019","","","3T3IWE1XG71PL90MLP9FKS6IBYJTQ6","A22JTMBADARX55","Approved","Sun Sep 01 19:00:10 PDT 2019","Sun Sep 01 19:02:05 PDT 2019","Mon Sep 02 19:02:05 PDT 2019","Mon Sep 02 15:06:46 PDT 2019","","","115","100% (1/1)","100% (1/1)","100% (1/1)","true","false","false","false","false","false","true","false","true","false","false","false","true","false","false","false"
"38RHULDV9YT298I3DK4GAQQ6CXJIWH","38LKVYAVXKZCADE6DLVQEIG7SU1JQL","Answer a survey about your opinions about an appearance","Give us your opinion about a face","survey, face, image, opinion, fast, quick, easy","$0.05","Sun Sep 01 18:58:50 PDT 2019","100","BatchId:3753862;OriginalHitTemplateId:928390912;","120","86400","Sun Sep 08 18:58:50 PDT 2019","","","3TU5ZICBREF6NP8YIRYKTWAVXL38Q1","A38CDYAQ00NBGE","Approved","Sun Sep 01 19:12:08 PDT 2019","Sun Sep 01 19:12:37 PDT 2019","Mon Sep 02 19:12:37 PDT 2019","Mon Sep 02 15:06:47 PDT 2019","","","29","100% (1/1)","100% (1/1)","100% (1/1)","true","false","false","false","false","true","false","false","false","false","true","false","false","true","false","false"
"38RHULDV9YT298I3DK4GAQQ6CXJIWH","38LKVYAVXKZCADE6DLVQEIG7SU1JQL","Answer a survey about your opinions about an appearance","Give us your opinion about a face","survey, face, image, opinion, fast, quick, easy","$0.05","Sun Sep 01 18:58:50 PDT 2019","100","BatchId:3753862;OriginalHitTemplateId:928390912;","120","86400","Sun Sep 08 18:58:50 PDT 2019","","","3TVSS0C0E2EU56W8XY8LCHO4ZZ0TWA","A129GA7DAJESE2","Approved","Sun Sep 01 19:01:07 PDT 2019","Sun Sep 01 19:02:57 PDT 2019","Mon Sep 02 19:02:57 PDT 2019","Mon Sep 02 15:06:47 PDT 2019","","","110","100% (1/1)","100% (1/1)","100% (1/1)","false","false","false","true","false","true","false","false","true","false","false","false","false","true","false","false"
"38RHULDV9YT298I3DK4GAQQ6CXJIWH","38LKVYAVXKZCADE6DLVQEIG7SU1JQL","Answer a survey about your opinions about an appearance","Give us your opinion about a face","survey, face, image, opinion, fast, quick, easy","$0.05","Sun Sep 01 18:58:50 PDT 2019","100","BatchId:3753862;OriginalHitTemplateId:928390912;","120","86400","Sun Sep 08 18:58:50 PDT 2019","","","3TVSS0C0E2EU56W8XY8LCHO4ZZ0WTD","A27RVVHK9M81ST","Approved","Sun Sep 01 19:00:54 PDT 2019","Sun Sep 01 19:02:10 PDT 2019","Mon Sep 02 19:02:10 PDT 2019","Mon Sep 02 15:06:47 PDT 2019","","","76","100% (1/1)","100% (1/1)","100% (1/1)","true","false","false","false","false","true","false","false","false","false","false","true","false","true","false","false"
"38RHULDV9YT298I3DK4GAQQ6CXJIWH","38LKVYAVXKZCADE6DLVQEIG7SU1JQL","Answer a survey about your opinions about an appearance","Give us your opinion about a face","survey, face, image, opinion, fast, quick, easy","$0.05","Sun Sep 01 18:58:50 PDT 2019","100","BatchId:3753862;OriginalHitTemplateId:928390912;","120","86400","Sun Sep 08 18:58:50 PDT 2019","","","3TXD01ZLD5VXWHSDNXSCMLRFYKDU4L","A1QEQ64E22TNUZ","Approved","Sun Sep 01 19:17:05 PDT 2019","Sun Sep 01 19:17:55 PDT 2019","Mon Sep 02 19:17:55 PDT 2019","Mon Sep 02 15:06:47 PDT 2019","","","50","100% (1/1)","100% (1/1)","100% (1/1)","false","false","false","true","false","false","false","true","false","false","false","true","false","false","false","true"
"38RHULDV9YT298I3DK4GAQQ6CXJIWH","38LKVYAVXKZCADE6DLVQEIG7SU1JQL","Answer a survey about your opinions about an appearance","Give us your opinion about a face","survey, face, image, opinion, fast, quick, easy","$0.05","Sun Sep 01 18:58:50 PDT 2019","100","BatchId:3753862;OriginalHitTemplateId:928390912;","120","86400","Sun Sep 08 18:58:50 PDT 2019","","","3TY7ZAOG5GY2UX50AI184VS4FHZK0Y","A2DCY0ANVT2BAW","Approved","Sun Sep 01 19:17:59 PDT 2019","Sun Sep 01 19:19:49 PDT 2019","Mon Sep 02 19:19:49 PDT 2019","Mon Sep 02 15:06:47 PDT 2019","","","110","100% (1/1)","100% (1/1)","100% (1/1)","false","true","false","false","false","true","false","false","false","false","false","true","true","false","false","false"
"38RHULDV9YT298I3DK4GAQQ6CXJIWH","38LKVYAVXKZCADE6DLVQEIG7SU1JQL","Answer a survey about your opinions about an appearance","Give us your opinion about a face","survey, face, image, opinion, fast, quick, easy","$0.05","Sun Sep 01 18:58:50 PDT 2019","100","BatchId:3753862;OriginalHitTemplateId:928390912;","120","86400","Sun Sep 08 18:58:50 PDT 2019","","","3U0SRXB7CEJR2XA218C3GJAVI2ZRN4","APF1EAZT104LQ","Approved","Sun Sep 01 19:02:45 PDT 2019","Sun Sep 01 19:03:31 PDT 2019","Mon Sep 02 19:03:31 PDT 2019","Mon Sep 02 15:06:47 PDT 2019","","","46","100% (1/1)","100% (1/1)","100% (1/1)","true","false","false","false","false","false","false","true","false","false","false","true","false","true","false","false"
"38RHULDV9YT298I3DK4GAQQ6CXJIWH","38LKVYAVXKZCADE6DLVQEIG7SU1JQL","Answer a survey about your opinions about an appearance","Give us your opinion about a face","survey, face, image, opinion, fast, quick, easy","$0.05","Sun Sep 01 18:58:50 PDT 2019","100","BatchId:3753862;OriginalHitTemplateId:928390912;","120","86400","Sun Sep 08 18:58:50 PDT 2019","","","3U5JL4WY5LNPDLM8S23Z6SQJS2PX4B","ARG392N6HWZCJ","Approved","Sun Sep 01 19:03:58 PDT 2019","Sun Sep 01 19:05:32 PDT 2019","Mon Sep 02 19:05:32 PDT 2019","Mon Sep 02 15:06:47 PDT 2019","","","94","100% (1/1)","100% (1/1)","100% (1/1)","false","false","false","true","false","false","true","false","false","false","true","false","false","false","false","false"
"38RHULDV9YT298I3DK4GAQQ6CXJIWH","38LKVYAVXKZCADE6DLVQEIG7SU1JQL","Answer a survey about your opinions about an appearance","Give us your opinion about a face","survey, face, image, opinion, fast, quick, easy","$0.05","Sun Sep 01 18:58:50 PDT 2019","100","BatchId:3753862;OriginalHitTemplateId:928390912;","120","86400","Sun Sep 08 18:58:50 PDT 2019","","","3VAR3R6G1QF32DVI3E6G4RFVIKLO89","A3SUPTSNHTJMK","Approved","Sun Sep 01 19:12:06 PDT 2019","Sun Sep 01 19:13:50 PDT 2019","Mon Sep 02 19:13:50 PDT 2019","Mon Sep 02 15:06:47 PDT 2019","","","104","100% (1/1)","100% (1/1)","100% (1/1)","true","false","false","false","false","true","false","false","false","false","true","false","false","true","false","false"
"38RHULDV9YT298I3DK4GAQQ6CXJIWH","38LKVYAVXKZCADE6DLVQEIG7SU1JQL","Answer a survey about your opinions about an appearance","Give us your opinion about a face","survey, face, image, opinion, fast, quick, easy","$0.05","Sun Sep 01 18:58:50 PDT 2019","100","BatchId:3753862;OriginalHitTemplateId:928390912;","120","86400","Sun Sep 08 18:58:50 PDT 2019","","","3VE8AYVF8NB9W0IP4BNQHX6HQJU8F7","A2DF1NCVJ8V8K2","Approved","Sun Sep 01 19:12:43 PDT 2019","Sun Sep 01 19:13:56 PDT 2019","Mon Sep 02 19:13:56 PDT 2019","Mon Sep 02 15:06:48 PDT 2019","","","73","100% (1/1)","100% (1/1)","100% (1/1)","true","false","false","false","false","false","true","false","true","false","false","false","false","false","true","false"
"38RHULDV9YT298I3DK4GAQQ6CXJIWH","38LKVYAVXKZCADE6DLVQEIG7SU1JQL","Answer a survey about your opinions about an appearance","Give us your opinion about a face","survey, face, image, opinion, fast, quick, easy","$0.05","Sun Sep 01 18:58:50 PDT 2019","100","BatchId:3753862;OriginalHitTemplateId:928390912;","120","86400","Sun Sep 08 18:58:50 PDT 2019","","","3VELCLL3GLXRL0Y45QEB2NJ9CDK1FC","AHPRAIMSORDKY","Approved","Sun Sep 01 19:00:31 PDT 2019","Sun Sep 01 19:00:55 PDT 2019","Mon Sep 02 19:00:55 PDT 2019","Mon Sep 02 15:06:48 PDT 2019","","","24","100% (1/1)","100% (1/1)","100% (1/1)","true","false","false","false","false","true","false","false","true","false","false","false","false","true","false","false"
"38RHULDV9YT298I3DK4GAQQ6CXJIWH","38LKVYAVXKZCADE6DLVQEIG7SU1JQL","Answer a survey about your opinions about an appearance","Give us your opinion about a face","survey, face, image, opinion, fast, quick, easy","$0.05","Sun Sep 01 18:58:50 PDT 2019","100","BatchId:3753862;OriginalHitTemplateId:928390912;","120","86400","Sun Sep 08 18:58:50 PDT 2019","","","3VP0C6EFSHASYWRIXJU5S9UZHPGM66","A3LDQA6YZGV6NK","Approved","Sun Sep 01 19:18:38 PDT 2019","Sun Sep 01 19:18:58 PDT 2019","Mon Sep 02 19:18:58 PDT 2019","Mon Sep 02 15:06:48 PDT 2019","","","20","100% (1/1)","100% (1/1)","100% (1/1)","false","true","false","false","false","true","false","false","false","true","false","false","true","false","false","false"
"38RHULDV9YT298I3DK4GAQQ6CXJIWH","38LKVYAVXKZCADE6DLVQEIG7SU1JQL","Answer a survey about your opinions about an appearance","Give us your opinion about a face","survey, face, image, opinion, fast, quick, easy","$0.05","Sun Sep 01 18:58:50 PDT 2019","100","BatchId:3753862;OriginalHitTemplateId:928390912;","120","86400","Sun Sep 08 18:58:50 PDT 2019","","","3W2LOLRXLCTQURPZ4VKNORTRO7ZRK4","A3VGFGRJYF8P59","Approved","Sun Sep 01 19:18:13 PDT 2019","Sun Sep 01 19:19:11 PDT 2019","Mon Sep 02 19:19:11 PDT 2019","Mon Sep 02 15:06:48 PDT 2019","","","58","100% (1/1)","100% (1/1)","100% (1/1)","false","false","false","true","false","false","true","false","true","false","false","false","false","true","false","false"
"38RHULDV9YT298I3DK4GAQQ6CXJIWH","38LKVYAVXKZCADE6DLVQEIG7SU1JQL","Answer a survey about your opinions about an appearance","Give us your opinion about a face","survey, face, image, opinion, fast, quick, easy","$0.05","Sun Sep 01 18:58:50 PDT 2019","100","BatchId:3753862;OriginalHitTemplateId:928390912;","120","86400","Sun Sep 08 18:58:50 PDT 2019","","","3WEV0KO0ON6UH0J2R3Y5AO3XQ0LDS1","AFSI4GMXWKC2U","Approved","Sun Sep 01 19:11:59 PDT 2019","Sun Sep 01 19:12:35 PDT 2019","Mon Sep 02 19:12:35 PDT 2019","Mon Sep 02 15:06:48 PDT 2019","","","36","100% (1/1)","100% (1/1)","100% (1/1)","true","false","false","false","false","false","true","false","false","false","false","true","false","true","false","false"
"38RHULDV9YT298I3DK4GAQQ6CXJIWH","38LKVYAVXKZCADE6DLVQEIG7SU1JQL","Answer a survey about your opinions about an appearance","Give us your opinion about a face","survey, face, image, opinion, fast, quick, easy","$0.05","Sun Sep 01 18:58:50 PDT 2019","100","BatchId:3753862;OriginalHitTemplateId:928390912;","120","86400","Sun Sep 08 18:58:50 PDT 2019","","","3WJEQKOXA9GWP9HWUASJOM8IFX71AZ","A2UTDZAZV1DF0N","Approved","Sun Sep 01 18:59:30 PDT 2019","Sun Sep 01 18:59:58 PDT 2019","Mon Sep 02 18:59:58 PDT 2019","Mon Sep 02 15:06:48 PDT 2019","","","28","100% (1/1)","100% (1/1)","100% (1/1)","false","false","true","false","false","true","false","false","false","false","true","false","false","true","false","false"
"38RHULDV9YT298I3DK4GAQQ6CXJIWH","38LKVYAVXKZCADE6DLVQEIG7SU1JQL","Answer a survey about your opinions about an appearance","Give us your opinion about a face","survey, face, image, opinion, fast, quick, easy","$0.05","Sun Sep 01 18:58:50 PDT 2019","100","BatchId:3753862;OriginalHitTemplateId:928390912;","120","86400","Sun Sep 08 18:58:50 PDT 2019","","","3X1FV8S5JY5DLCAXNO4IRWQ12WVGVJ","APR4K9VJ4N9ZE","Approved","Sun Sep 01 19:14:23 PDT 2019","Sun Sep 01 19:15:27 PDT 2019","Mon Sep 02 19:15:27 PDT 2019","Mon Sep 02 15:06:48 PDT 2019","","","64","100% (1/1)","100% (1/1)","100% (1/1)","true","false","false","false","false","true","false","false","true","false","false","false","false","true","false","false"
"38RHULDV9YT298I3DK4GAQQ6CXJIWH","38LKVYAVXKZCADE6DLVQEIG7SU1JQL","Answer a survey about your opinions about an appearance","Give us your opinion about a face","survey, face, image, opinion, fast, quick, easy","$0.05","Sun Sep 01 18:58:50 PDT 2019","100","BatchId:3753862;OriginalHitTemplateId:928390912;","120","86400","Sun Sep 08 18:58:50 PDT 2019","","","3X4MXAO0BH2HPRJGT93QC2NMBE3WR0","A248LF7KKHXZ14","Approved","Sun Sep 01 19:00:17 PDT 2019","Sun Sep 01 19:00:51 PDT 2019","Mon Sep 02 19:00:51 PDT 2019","Mon Sep 02 15:06:49 PDT 2019","","","34","100% (1/1)","100% (1/1)","100% (1/1)","true","false","false","false","false","false","true","false","true","false","false","false","true","false","false","false"
"38RHULDV9YT298I3DK4GAQQ6CXJIWH","38LKVYAVXKZCADE6DLVQEIG7SU1JQL","Answer a survey about your opinions about an appearance","Give us your opinion about a face","survey, face, image, opinion, fast, quick, easy","$0.05","Sun Sep 01 18:58:50 PDT 2019","100","BatchId:3753862;OriginalHitTemplateId:928390912;","120","86400","Sun Sep 08 18:58:50 PDT 2019","","","3YW4XOSQKRZG4IVU0F9AONKCM0YU13","AQQIR9TAOFHQ8","Approved","Sun Sep 01 19:03:08 PDT 2019","Sun Sep 01 19:03:51 PDT 2019","Mon Sep 02 19:03:51 PDT 2019","Mon Sep 02 15:06:49 PDT 2019","","","43","100% (1/1)","100% (1/1)","100% (1/1)","true","false","false","false","false","false","false","true","false","false","true","false","false","true","false","false"
"38RHULDV9YT298I3DK4GAQQ6CXJIWH","38LKVYAVXKZCADE6DLVQEIG7SU1JQL","Answer a survey about your opinions about an appearance","Give us your opinion about a face","survey, face, image, opinion, fast, quick, easy","$0.05","Sun Sep 01 18:58:50 PDT 2019","100","BatchId:3753862;OriginalHitTemplateId:928390912;","120","86400","Sun Sep 08 18:58:50 PDT 2019","","","3YZ8UPK3VU00RL5SGCYU5J33QXUUCY","A2C8QIT0DJRCHN","Approved","Sun Sep 01 19:18:50 PDT 2019","Sun Sep 01 19:20:13 PDT 2019","Mon Sep 02 19:20:13 PDT 2019","Mon Sep 02 15:06:49 PDT 2019","","","83","100% (1/1)","100% (1/1)","100% (1/1)","false","false","false","true","false","false","false","true","false","true","false","false","false","true","false","false"
"38RHULDV9YT298I3DK4GAQQ6CXJIWH","38LKVYAVXKZCADE6DLVQEIG7SU1JQL","Answer a survey about your opinions about an appearance","Give us your opinion about a face","survey, face, image, opinion, fast, quick, easy","$0.05","Sun Sep 01 18:58:50 PDT 2019","100","BatchId:3753862;OriginalHitTemplateId:928390912;","120","86400","Sun Sep 08 18:58:50 PDT 2019","","","3Z4XG4ZF495QWM9A45TCN46OUON8XV","AAAIZU66Q9K7G","Approved","Sun Sep 01 19:06:47 PDT 2019","Sun Sep 01 19:07:43 PDT 2019","Mon Sep 02 19:07:43 PDT 2019","Mon Sep 02 15:06:49 PDT 2019","","","56","100% (1/1)","100% (1/1)","100% (1/1)","true","false","false","false","false","true","false","false","false","true","false","false","false","true","false","false"
"38RHULDV9YT298I3DK4GAQQ6CXJIWH","38LKVYAVXKZCADE6DLVQEIG7SU1JQL","Answer a survey about your opinions about an appearance","Give us your opinion about a face","survey, face, image, opinion, fast, quick, easy","$0.05","Sun Sep 01 18:58:50 PDT 2019","100","BatchId:3753862;OriginalHitTemplateId:928390912;","120","86400","Sun Sep 08 18:58:50 PDT 2019","","","3ZPPDN2SLWAH4R13ES9YZBGSYOXE9K","AXFB4XBUKNE07","Approved","Sun Sep 01 19:15:04 PDT 2019","Sun Sep 01 19:15:41 PDT 2019","Mon Sep 02 19:15:41 PDT 2019","Mon Sep 02 15:06:49 PDT 2019","","","37","100% (1/1)","100% (1/1)","100% (1/1)","false","false","false","true","false","true","false","false","false","false","true","false","false","true","false","false"
"38RHULDV9YT298I3DK4GAQQ6CXJIWH","38LKVYAVXKZCADE6DLVQEIG7SU1JQL","Answer a survey about your opinions about an appearance","Give us your opinion about a face","survey, face, image, opinion, fast, quick, easy","$0.05","Sun Sep 01 18:58:50 PDT 2019","100","BatchId:3753862;OriginalHitTemplateId:928390912;","120","86400","Sun Sep 08 18:58:50 PDT 2019","","","3ZV9H2YQQELP6PYEIJ2UU4K650O3W4","A2CLM6KR5AP0DK","Approved","Sun Sep 01 18:59:45 PDT 2019","Sun Sep 01 19:00:26 PDT 2019","Mon Sep 02 19:00:26 PDT 2019","Mon Sep 02 15:06:49 PDT 2019","","","41","100% (1/1)","100% (1/1)","100% (1/1)","true","false","false","false","false","false","true","false","false","false","true","false","false","false","true","false"